"TimeStamp","Value"
2025-03-30 18:01:00,67.7120377116213
2025-03-30 18:16:00,67.7120377116213
2025-03-30 18:31:00,66.7032061549691
2025-03-30 18:46:00,66.7032061549691
2025-03-30 19:01:00,68.7299800937409
2025-03-30 19:16:00,68.7299800937409
2025-03-30 19:31:00,67.7120377116213
2025-03-30 19:46:00,68.7299800937409
2025-03-30 20:01:00,67.7120377116213
2025-03-30 20:16:00,67.7120377116213
2025-03-30 20:31:00,67.7120377116213
2025-03-30 20:46:00,67.7120377116213
2025-03-30 21:01:00,67.7120377116213
2025-03-30 21:16:00,68.7299800937409
2025-03-30 21:31:00,68.7299800937409
2025-03-30 21:46:00,67.7120377116213
2025-03-30 22:01:00,68.7299800937409
2025-03-30 22:16:00,67.7120377116213
2025-03-30 22:31:00,65.685931191327
2025-03-30 22:46:00,66.7032061549691
2025-03-30 23:01:00,66.7032061549691
2025-03-30 23:16:00,64.6706407514142
2025-03-30 23:31:00,64.6706407514142
2025-03-30 23:46:00,63.6649903078469
2025-03-31 00:01:00,62.668946505147
2025-03-31 00:16:00,62.668946505147
2025-03-31 00:31:00,60.6831348315349
2025-03-31 00:46:00,60.6831348315349
2025-03-31 01:01:00,58.7047128910082
2025-03-31 01:16:00,56.7668706960068
2025-03-31 01:31:00,54.8528267909667
2025-03-31 01:46:00,53.9108454477877
2025-03-31 02:01:00,52.9790362526887
2025-03-31 02:16:00,52.9790362526887
2025-03-31 02:31:00,52.9790362526887
2025-03-31 02:46:00,52.054890930814
2025-03-31 03:01:00,51.0911329823766
2025-03-31 03:16:00,51.0911329823766
2025-03-31 03:31:00,50.1389649858859
2025-03-31 03:46:00,50.1389649858859
2025-03-31 04:01:00,49.1983237671353
2025-03-31 04:16:00,48.269146075317
2025-03-31 04:31:00,47.3434357715348
2025-03-31 04:46:00,47.3434357715348
2025-03-31 05:01:00,46.3891877242795
2025-03-31 05:16:00,46.3891877242795
2025-03-31 05:31:00,45.4477841646779
2025-03-31 05:46:00,45.4477841646779
2025-03-31 06:01:00,44.5191393887662
2025-03-31 06:16:00,43.6031676746051
2025-03-31 06:31:00,43.6031676746051
2025-03-31 06:46:00,43.6031676746051
2025-03-31 07:01:00,44.5191393887662
2025-03-31 07:16:00,44.5191393887662
2025-03-31 07:31:00,45.4477841646779
2025-03-31 07:46:00,46.3891877242795
2025-03-31 08:01:00,47.3434357715348
2025-03-31 08:16:00,48.269146075317
2025-03-31 08:31:00,46.3891877242795
2025-03-31 08:46:00,44.5191393887662
2025-03-31 09:01:00,43.6031676746051
2025-03-31 09:16:00,42.6997832821514
2025-03-31 09:31:00,41.8089004531263
2025-03-31 09:46:00,41.8089004531263
2025-03-31 10:01:00,41.8089004531263
2025-03-31 10:16:00,42.6997832821514
2025-03-31 10:31:00,41.8089004531263
2025-03-31 10:46:00,43.6031676746051
2025-03-31 11:01:00,45.4477841646779
2025-03-31 11:16:00,45.4477841646779
2025-03-31 11:31:00,47.3434357715348
2025-03-31 11:46:00,49.1983237671353
2025-03-31 12:01:00,50.1389649858859
2025-03-31 12:16:00,52.054890930814
2025-03-31 12:31:00,54.8528267909667
2025-03-31 12:46:00,56.7668706960068
2025-03-31 13:01:00,56.7668706960068
2025-03-31 13:16:00,56.7668706960068
2025-03-31 13:31:00,57.7307398654057
2025-03-31 13:46:00,58.7047128910082
2025-03-31 14:01:00,60.6831348315349
2025-03-31 14:16:00,59.6888308762734
2025-03-31 14:31:00,56.7668706960068
2025-03-31 14:46:00,54.8528267909667
2025-03-31 15:01:00,53.9108454477877
2025-03-31 15:16:00,52.054890930814
2025-03-31 15:31:00,51.0911329823766
2025-03-31 15:46:00,51.0911329823766
2025-03-31 16:01:00,52.054890930814
2025-03-31 16:16:00,52.9790362526887
2025-03-31 16:31:00,53.9108454477877
2025-03-31 16:46:00,54.8528267909667
2025-03-31 17:01:00,55.8050243438592
2025-03-31 17:16:00,55.8050243438592
2025-03-31 17:31:00,56.7668706960068
2025-03-31 17:46:00,57.7307398654057
2025-03-31 18:01:00,59.6888308762734
2025-03-31 18:16:00,59.6888308762734
2025-03-31 18:31:00,59.6888308762734
2025-03-31 18:46:00,60.6831348315349
2025-03-31 19:01:00,61.6824758994874
2025-03-31 19:16:00,62.668946505147
2025-03-31 19:31:00,62.668946505147
2025-03-31 19:46:00,62.668946505147
2025-03-31 20:01:00,63.6649903078469
2025-03-31 20:16:00,64.6706407514142
2025-03-31 20:31:00,64.6706407514142
2025-03-31 20:46:00,63.6649903078469
2025-03-31 21:01:00,64.6706407514142
2025-03-31 21:16:00,63.6649903078469
2025-03-31 21:31:00,62.668946505147
2025-03-31 21:46:00,62.668946505147
2025-03-31 22:01:00,61.6824758994874
2025-03-31 22:16:00,60.6831348315349
2025-03-31 22:31:00,58.7047128910082
2025-03-31 22:46:00,57.7307398654057
2025-03-31 23:01:00,56.7668706960068
2025-03-31 23:16:00,56.7668706960068
2025-03-31 23:31:00,56.7668706960068
2025-03-31 23:46:00,55.8050243438592
2025-04-01 00:01:00,55.8050243438592
2025-04-01 00:16:00,55.8050243438592
2025-04-01 00:31:00,55.8050243438592
2025-04-01 00:46:00,54.8528267909667
2025-04-01 01:01:00,53.9108454477877
2025-04-01 01:16:00,53.9108454477877
2025-04-01 01:31:00,52.9790362526887
2025-04-01 01:46:00,52.9790362526887
2025-04-01 02:01:00,52.9790362526887
2025-04-01 02:16:00,52.054890930814
2025-04-01 02:31:00,51.0911329823766
2025-04-01 02:46:00,51.0911329823766
2025-04-01 03:01:00,50.1389649858859
2025-04-01 03:16:00,50.1389649858859
2025-04-01 03:31:00,50.1389649858859
2025-04-01 03:46:00,47.3434357715348
2025-04-01 04:01:00,45.4477841646779
2025-04-01 04:16:00,44.5191393887662
2025-04-01 04:31:00,41.8089004531263
2025-04-01 04:46:00,39.2104034874998
2025-04-01 05:01:00,38.3661677914073
2025-04-01 05:16:00,36.7067230712426
2025-04-01 05:31:00,35.8952302819916
2025-04-01 05:46:00,35.8952302819916
2025-04-01 06:01:00,36.7067230712426
2025-04-01 06:16:00,35.8952302819916
2025-04-01 06:31:00,37.5303390629431
2025-04-01 06:46:00,35.0957711557065
2025-04-01 07:01:00,33.53259570802
2025-04-01 07:16:00,32.0164803074358
2025-04-01 07:31:00,31.2758462200448
2025-04-01 07:46:00,31.2758462200448
2025-04-01 08:01:00,30.5467084479397
2025-04-01 08:16:00,30.5467084479397
2025-04-01 08:31:00,29.1225635369107
2025-04-01 08:46:00,28.4273772278569
2025-04-01 09:01:00,28.4273772278569
2025-04-01 09:16:00,29.1225635369107
2025-04-01 09:31:00,29.8289774143261
2025-04-01 09:46:00,29.8289774143261
2025-04-01 10:01:00,31.2758462200448
2025-04-01 10:16:00,32.768700281452
2025-04-01 10:31:00,32.768700281452
2025-04-01 10:46:00,33.53259570802
2025-04-01 11:01:00,34.3082561476957
2025-04-01 11:16:00,35.8952302819916
2025-04-01 11:31:00,38.3661677914073
2025-04-01 11:46:00,40.9304334108828
2025-04-01 12:01:00,41.8089004531263
2025-04-01 12:16:00,44.5191393887662
2025-04-01 12:31:00,67.7120377116213
2025-04-01 12:46:00,76.005301522099
2025-04-01 13:01:00,69.7570607297842
2025-04-01 13:16:00,61.6824758994874
2025-04-01 13:31:00,58.7047128910082
2025-04-01 13:46:00,55.8050243438592
2025-04-01 14:01:00,53.9108454477877
2025-04-01 14:16:00,52.9790362526887
2025-04-01 14:31:00,51.0911329823766
2025-04-01 14:46:00,52.054890930814
2025-04-01 15:01:00,54.8528267909667
2025-04-01 15:16:00,56.7668706960068
2025-04-01 15:31:00,59.6888308762734
2025-04-01 15:46:00,62.668946505147
2025-04-01 16:01:00,60.6831348315349
2025-04-01 16:16:00,57.7307398654057
2025-04-01 16:31:00,54.8528267909667
2025-04-01 16:46:00,52.9790362526887
2025-04-01 17:01:00,52.054890930814
2025-04-01 17:16:00,51.0911329823766
2025-04-01 17:31:00,50.1389649858859
2025-04-01 17:46:00,51.0911329823766
2025-04-01 18:01:00,51.0911329823766
2025-04-01 18:16:00,51.0911329823766
2025-04-01 18:31:00,52.054890930814
2025-04-01 18:46:00,52.054890930814
2025-04-01 19:01:00,52.054890930814
2025-04-01 19:16:00,52.054890930814
2025-04-01 19:31:00,52.054890930814
2025-04-01 19:46:00,51.0911329823766
2025-04-01 20:01:00,52.054890930814
2025-04-01 20:16:00,52.9790362526887
2025-04-01 20:31:00,52.054890930814
2025-04-01 20:46:00,50.1389649858859
2025-04-01 21:01:00,48.269146075317
2025-04-01 21:16:00,46.3891877242795
2025-04-01 21:31:00,45.4477841646779
2025-04-01 21:46:00,47.3434357715348
2025-04-01 22:01:00,47.3434357715348
2025-04-01 22:16:00,46.3891877242795
2025-04-01 22:31:00,45.4477841646779
2025-04-01 22:46:00,44.5191393887662
2025-04-01 23:01:00,43.6031676746051
2025-04-01 23:16:00,43.6031676746051
2025-04-01 23:31:00,42.6997832821514
2025-04-01 23:46:00,41.8089004531263
2025-04-02 00:01:00,40.9304334108828
2025-04-02 00:16:00,39.2104034874998
2025-04-02 00:31:00,38.3661677914073
2025-04-02 00:46:00,36.7067230712426
2025-04-02 01:01:00,35.0957711557065
2025-04-02 01:16:00,34.3082561476957
2025-04-02 01:31:00,32.768700281452
2025-04-02 01:46:00,32.0164803074358
2025-04-02 02:01:00,30.5467084479397
2025-04-02 02:16:00,29.8289774143261
2025-04-02 02:31:00,29.1225635369107
2025-04-02 02:46:00,29.1225635369107
2025-04-02 03:01:00,29.1225635369107
2025-04-02 03:16:00,29.1225635369107
2025-04-02 03:31:00,29.8289774143261
2025-04-02 03:46:00,29.8289774143261
2025-04-02 04:01:00,30.5467084479397
2025-04-02 04:16:00,30.5467084479397
2025-04-02 04:31:00,30.5467084479397
2025-04-02 04:46:00,29.8289774143261
2025-04-02 05:01:00,29.8289774143261
2025-04-02 05:16:00,29.1225635369107
2025-04-02 05:31:00,28.4273772278569
2025-04-02 05:46:00,28.4273772278569
2025-04-02 06:01:00,29.8289774143261
2025-04-02 06:16:00,30.5467084479397
2025-04-02 06:31:00,25.7571157219807
2025-04-02 06:46:00,25.7571157219807
2025-04-02 07:01:00,25.7571157219807
2025-04-02 07:16:00,25.116723239991
2025-04-02 07:31:00,25.116723239991
2025-04-02 07:46:00,25.116723239991
2025-04-02 08:01:00,24.4870206803698
2025-04-02 08:16:00,25.116723239991
2025-04-02 08:31:00,25.7571157219807
2025-04-02 08:46:00,26.408287748404
2025-04-02 09:01:00,27.7433288937401
2025-04-02 09:16:00,30.5467084479397
2025-04-02 09:31:00,31.2758462200448
2025-04-02 09:46:00,30.5467084479397
2025-04-02 10:01:00,31.2758462200448
2025-04-02 10:16:00,30.5467084479397
2025-04-02 10:31:00,31.2758462200448
2025-04-02 10:46:00,29.8289774143261
2025-04-02 11:01:00,29.1225635369107
2025-04-02 11:16:00,28.4273772278569
2025-04-02 11:31:00,28.4273772278569
2025-04-02 11:46:00,29.1225635369107
2025-04-02 12:01:00,30.5467084479397
2025-04-02 12:16:00,32.768700281452
2025-04-02 12:31:00,35.0957711557065
2025-04-02 12:46:00,38.3661677914073
2025-04-02 13:01:00,40.0642963602707
2025-04-02 13:16:00,41.8089004531263
2025-04-02 13:31:00,40.9304334108828
2025-04-02 13:46:00,42.6997832821514
2025-04-02 14:01:00,43.6031676746051
2025-04-02 14:16:00,45.4477841646779
2025-04-02 14:31:00,45.4477841646779
2025-04-02 14:46:00,43.6031676746051
2025-04-02 15:01:00,41.8089004531263
2025-04-02 15:16:00,40.0642963602707
2025-04-02 15:31:00,37.5303390629431
2025-04-02 15:46:00,35.8952302819916
2025-04-02 16:01:00,35.8952302819916
2025-04-02 16:16:00,35.0957711557065
2025-04-02 16:31:00,35.0957711557065
2025-04-02 16:46:00,35.8952302819916
2025-04-02 17:01:00,37.5303390629431
2025-04-02 17:16:00,37.5303390629431
2025-04-02 17:31:00,37.5303390629431
2025-04-02 17:46:00,38.3661677914073
2025-04-02 18:01:00,38.3661677914073
2025-04-02 18:16:00,39.2104034874998
2025-04-02 18:31:00,39.2104034874998
2025-04-02 18:46:00,39.2104034874998
2025-04-02 19:01:00,39.2104034874998
2025-04-02 19:16:00,40.0642963602707
2025-04-02 19:31:00,40.9304334108828
2025-04-02 19:46:00,40.9304334108828
2025-04-02 20:01:00,42.6997832821514
2025-04-02 20:16:00,42.6997832821514
2025-04-02 20:31:00,43.6031676746051
2025-04-02 20:46:00,43.6031676746051
2025-04-02 21:01:00,42.6997832821514
2025-04-02 21:16:00,42.6997832821514
2025-04-02 21:31:00,41.8089004531263
2025-04-02 21:46:00,40.9304334108828
2025-04-02 22:01:00,40.0642963602707
2025-04-02 22:16:00,39.2104034874998
2025-04-02 22:31:00,38.3661677914073
2025-04-02 22:46:00,38.3661677914073
2025-04-02 23:01:00,36.7067230712426
2025-04-02 23:16:00,35.0957711557065
2025-04-02 23:31:00,32.768700281452
2025-04-02 23:46:00,31.2758462200448
2025-04-03 00:01:00,29.1225635369107
2025-04-03 00:16:00,28.4273772278569
2025-04-03 00:31:00,26.408287748404
2025-04-03 00:46:00,24.4870206803698
2025-04-03 01:01:00,20.9237470810538
2025-04-03 01:16:00,19.3167840089228
2025-04-03 01:31:00,19.3167840089228
2025-04-03 01:46:00,19.3167840089228
2025-04-03 02:01:00,19.3167840089228
2025-04-03 02:16:00,18.8
2025-04-03 02:31:00,18.8
2025-04-03 02:46:00,18.8
2025-04-03 03:01:00,18.8
2025-04-03 03:16:00,18.8
2025-04-03 03:31:00,18.2888500959497
2025-04-03 03:46:00,18.8
2025-04-03 04:01:00,18.2888500959497
2025-04-03 04:16:00,18.8
2025-04-03 04:31:00,18.8
2025-04-03 04:46:00,18.8
2025-04-03 05:01:00,18.8
2025-04-03 05:16:00,19.3167840089228
2025-04-03 05:31:00,19.8429470621211
2025-04-03 05:46:00,20.3785733551873
2025-04-03 06:01:00,20.3785733551873
2025-04-03 06:16:00,20.9237470810538
2025-04-03 06:31:00,20.9237470810538
2025-04-03 06:46:00,21.4918801656279
2025-04-03 07:01:00,22.0701993274789
2025-04-03 07:16:00,22.6587949091301
2025-04-03 07:31:00,23.8671766878507
2025-04-03 07:46:00,24.4870206803698
2025-04-03 08:01:00,25.116723239991
2025-04-03 08:16:00,25.7571157219807
2025-04-03 08:31:00,27.0703289355018
2025-04-03 08:46:00,27.7433288937401
2025-04-03 09:01:00,29.1225635369107
2025-04-03 09:16:00,29.8289774143261
2025-04-03 09:31:00,29.1225635369107
2025-04-03 09:46:00,30.5467084479397
2025-04-03 10:01:00,32.768700281452
2025-04-03 10:16:00,32.0164803074358
2025-04-03 10:31:00,30.5467084479397
2025-04-03 10:46:00,29.8289774143261
2025-04-03 11:01:00,27.7433288937401
2025-04-03 11:16:00,27.7433288937401
2025-04-03 11:31:00,26.408287748404
2025-04-03 11:46:00,25.116723239991
2025-04-03 12:01:00,24.4870206803698
2025-04-03 12:16:00,25.116723239991
2025-04-03 12:31:00,26.408287748404
2025-04-03 12:46:00,28.4273772278569
2025-04-03 13:01:00,35.0957711557065
2025-04-03 13:16:00,37.5303390629431
2025-04-03 13:31:00,43.6031676746051
2025-04-03 13:46:00,49.1983237671353
2025-04-03 14:01:00,50.1389649858859
2025-04-03 14:16:00,52.054890930814
2025-04-03 14:31:00,52.054890930814
2025-04-03 14:46:00,51.0911329823766
2025-04-03 15:01:00,49.1983237671353
2025-04-03 15:16:00,46.3891877242795
2025-04-03 15:31:00,45.4477841646779
2025-04-03 15:46:00,44.5191393887662
2025-04-03 16:01:00,42.6997832821514
2025-04-03 16:16:00,42.6997832821514
2025-04-03 16:31:00,41.8089004531263
2025-04-03 16:46:00,41.8089004531263
2025-04-03 17:01:00,41.8089004531263
2025-04-03 17:16:00,41.8089004531263
2025-04-03 17:31:00,41.8089004531263
2025-04-03 17:46:00,42.6997832821514
2025-04-03 18:01:00,44.5191393887662
2025-04-03 18:16:00,45.4477841646779
2025-04-03 18:31:00,46.3891877242795
2025-04-03 18:46:00,47.3434357715348
2025-04-03 19:01:00,46.3891877242795
2025-04-03 19:16:00,45.4477841646779
2025-04-03 19:31:00,44.5191393887662
2025-04-03 19:46:00,42.6997832821514
2025-04-03 20:01:00,41.8089004531263
2025-04-03 20:16:00,40.0642963602707
2025-04-03 20:31:00,38.3661677914073
2025-04-03 20:46:00,36.7067230712426
2025-04-03 21:01:00,35.8952302819916
2025-04-03 21:16:00,36.7067230712426
2025-04-03 21:31:00,36.7067230712426
2025-04-03 21:46:00,35.8952302819916
2025-04-03 22:01:00,35.0957711557065
2025-04-03 22:16:00,34.3082561476957
2025-04-03 22:31:00,33.53259570802
2025-04-03 22:46:00,32.768700281452
2025-04-03 23:01:00,32.0164803074358
2025-04-03 23:16:00,31.2758462200448
2025-04-03 23:31:00,31.2758462200448
2025-04-03 23:46:00,30.5467084479397
2025-04-04 00:01:00,29.8289774143261
2025-04-04 00:16:00,29.1225635369107
2025-04-04 00:31:00,29.8289774143261
2025-04-04 00:46:00,29.1225635369107
2025-04-04 01:01:00,29.8289774143261
2025-04-04 01:16:00,29.1225635369107
2025-04-04 01:31:00,29.1225635369107
2025-04-04 01:46:00,28.4273772278569
2025-04-04 02:01:00,28.4273772278569
2025-04-04 02:16:00,27.7433288937401
2025-04-04 02:31:00,27.7433288937401
2025-04-04 02:46:00,27.7433288937401
2025-04-04 03:01:00,27.0703289355018
2025-04-04 03:16:00,27.0703289355018
2025-04-04 03:31:00,27.0703289355018
2025-04-04 03:46:00,27.0703289355018
2025-04-04 04:01:00,27.0703289355018
2025-04-04 04:16:00,27.0703289355018
2025-04-04 04:31:00,27.0703289355018
2025-04-04 04:46:00,27.0703289355018
2025-04-04 05:01:00,27.0703289355018
2025-04-04 05:16:00,26.408287748404
2025-04-04 05:31:00,27.0703289355018
2025-04-04 05:46:00,27.0703289355018
2025-04-04 06:01:00,27.7433288937401
2025-04-04 06:16:00,27.7433288937401
2025-04-04 06:31:00,27.7433288937401
2025-04-04 06:46:00,28.4273772278569
2025-04-04 07:01:00,28.4273772278569
2025-04-04 07:16:00,28.4273772278569
2025-04-04 07:31:00,28.4273772278569
2025-04-04 07:46:00,29.1225635369107
2025-04-04 08:01:00,29.1225635369107
2025-04-04 08:16:00,30.5467084479397
2025-04-04 08:31:00,30.5467084479397
2025-04-04 08:46:00,30.5467084479397
2025-04-04 09:01:00,30.5467084479397
2025-04-04 09:16:00,29.1225635369107
2025-04-04 09:31:00,29.1225635369107
2025-04-04 09:46:00,29.1225635369107
2025-04-04 10:01:00,28.4273772278569
2025-04-04 10:16:00,27.7433288937401
2025-04-04 10:31:00,27.7433288937401
2025-04-04 10:46:00,27.0703289355018
2025-04-04 11:01:00,27.0703289355018
2025-04-04 11:16:00,27.7433288937401
2025-04-04 11:31:00,27.7433288937401
2025-04-04 11:46:00,28.4273772278569
2025-04-04 12:01:00,29.1225635369107
2025-04-04 12:16:00,30.5467084479397
2025-04-04 12:31:00,32.768700281452
2025-04-04 12:46:00,37.5303390629431
2025-04-04 13:01:00,43.6031676746051
2025-04-04 13:16:00,48.269146075317
2025-04-04 13:31:00,47.3434357715348
2025-04-04 13:46:00,44.5191393887662
2025-04-04 14:01:00,42.6997832821514
2025-04-04 14:16:00,40.0642963602707
2025-04-04 14:31:00,38.3661677914073
2025-04-04 14:46:00,35.8952302819916
2025-04-04 15:01:00,33.53259570802
2025-04-04 15:16:00,32.0164803074358
2025-04-04 15:31:00,31.2758462200448
2025-04-04 15:46:00,30.5467084479397
2025-04-04 16:01:00,29.8289774143261
2025-04-04 16:16:00,29.8289774143261
2025-04-04 16:31:00,29.8289774143261
2025-04-04 16:46:00,29.8289774143261
2025-04-04 17:01:00,30.5467084479397
2025-04-04 17:16:00,30.5467084479397
2025-04-04 17:31:00,30.5467084479397
2025-04-04 17:46:00,31.2758462200448
2025-04-04 18:01:00,31.2758462200448
2025-04-04 18:16:00,32.0164803074358
2025-04-04 18:31:00,32.0164803074358
2025-04-04 18:46:00,32.768700281452
2025-04-04 19:01:00,32.768700281452
2025-04-04 19:16:00,32.768700281452
2025-04-04 19:31:00,33.53259570802
2025-04-04 19:46:00,32.768700281452
2025-04-04 20:01:00,32.768700281452
2025-04-04 20:16:00,32.768700281452
2025-04-04 20:31:00,32.0164803074358
2025-04-04 20:46:00,32.0164803074358
2025-04-04 21:01:00,32.0164803074358
2025-04-04 21:16:00,31.2758462200448
2025-04-04 21:31:00,30.5467084479397
2025-04-04 21:46:00,30.5467084479397
2025-04-04 22:01:00,30.5467084479397
2025-04-04 22:16:00,29.8289774143261
2025-04-04 22:31:00,29.8289774143261
2025-04-04 22:46:00,29.8289774143261
2025-04-04 23:01:00,29.1225635369107
2025-04-04 23:16:00,29.1225635369107
2025-04-04 23:31:00,28.4273772278569
2025-04-04 23:46:00,28.4273772278569
2025-04-05 00:01:00,27.7433288937401
2025-04-05 00:16:00,27.7433288937401
2025-04-05 00:31:00,27.7433288937401
2025-04-05 00:46:00,27.7433288937401
2025-04-05 01:01:00,26.408287748404
2025-04-05 01:16:00,25.7571157219807
2025-04-05 01:31:00,22.0701993274789
2025-04-05 01:46:00,19.8429470621211
2025-04-05 02:01:00,18.8
2025-04-05 02:16:00,18.2888500959497
2025-04-05 02:31:00,18.2888500959497
2025-04-05 02:46:00,17.7870781718558
2025-04-05 03:01:00,17.7870781718558
2025-04-05 03:16:00,17.2945966175267
2025-04-05 03:31:00,16.811317837678
2025-04-05 03:46:00,16.811317837678
2025-04-05 04:01:00,16.811317837678
2025-04-05 04:16:00,16.811317837678
2025-04-05 04:31:00,16.811317837678
2025-04-05 04:46:00,16.3371542520685
2025-04-05 05:01:00,16.3371542520685
2025-04-05 05:16:00,16.811317837678
2025-04-05 05:31:00,16.811317837678
2025-04-05 05:46:00,17.2945966175267
2025-04-05 06:01:00,17.2945966175267
2025-04-05 06:16:00,17.7870781718558
2025-04-05 06:31:00,18.2888500959497
2025-04-05 06:46:00,18.2888500959497
2025-04-05 07:01:00,18.8
2025-04-05 07:16:00,19.3167840089228
2025-04-05 07:31:00,19.3167840089228
2025-04-05 07:46:00,19.8429470621211
2025-04-05 08:01:00,20.3785733551873
2025-04-05 08:16:00,20.3785733551873
2025-04-05 08:31:00,20.9237470810538
2025-04-05 08:46:00,21.4918801656279
2025-04-05 09:01:00,22.6587949091301
2025-04-05 09:16:00,23.2577572502848
2025-04-05 09:31:00,25.116723239991
2025-04-05 09:46:00,27.0703289355018
2025-04-05 10:01:00,28.4273772278569
2025-04-05 10:16:00,25.116723239991
2025-04-05 10:31:00,23.2577572502848
2025-04-05 10:46:00,24.4870206803698
2025-04-05 11:01:00,24.4870206803698
2025-04-05 11:16:00,24.4870206803698
2025-04-05 11:31:00,25.116723239991
2025-04-05 11:46:00,25.7571157219807
2025-04-05 12:01:00,27.7433288937401
2025-04-05 12:16:00,34.3082561476957
2025-04-05 12:31:00,39.2104034874998
2025-04-05 12:46:00,39.2104034874998
2025-04-05 13:01:00,40.9304334108828
2025-04-05 13:16:00,42.6997832821514
2025-04-05 13:31:00,40.9304334108828
2025-04-05 13:46:00,39.2104034874998
2025-04-05 14:01:00,37.5303390629431
2025-04-05 14:16:00,35.0957711557065
2025-04-05 14:31:00,33.53259570802
2025-04-05 14:46:00,32.0164803074358
2025-04-05 15:01:00,30.5467084479397
2025-04-05 15:16:00,29.1225635369107
2025-04-05 15:31:00,28.4273772278569
2025-04-05 15:46:00,27.0703289355018
2025-04-05 16:01:00,25.7571157219807
2025-04-05 16:16:00,25.7571157219807
2025-04-05 16:31:00,27.7433288937401
2025-04-05 16:46:00,29.8289774143261
2025-04-05 17:01:00,32.0164803074358
2025-04-05 17:16:00,33.53259570802
2025-04-05 17:31:00,33.53259570802
2025-04-05 17:46:00,34.3082561476957
2025-04-05 18:01:00,35.0957711557065
2025-04-05 18:16:00,35.0957711557065
2025-04-05 18:31:00,35.0957711557065
2025-04-05 18:46:00,35.8952302819916
2025-04-05 19:01:00,35.8952302819916
2025-04-05 19:16:00,35.0957711557065
2025-04-05 19:31:00,34.3082561476957
2025-04-05 19:46:00,32.768700281452
2025-04-05 20:01:00,32.768700281452
2025-04-05 20:16:00,31.2758462200448
2025-04-05 20:31:00,30.5467084479397
2025-04-05 20:46:00,30.5467084479397
2025-04-05 21:01:00,30.5467084479397
2025-04-05 21:16:00,30.5467084479397
2025-04-05 21:31:00,31.2758462200448
2025-04-05 21:46:00,30.5467084479397
2025-04-05 22:01:00,31.2758462200448
2025-04-05 22:16:00,31.2758462200448
2025-04-05 22:31:00,30.5467084479397
2025-04-05 22:46:00,30.5467084479397
2025-04-05 23:01:00,29.8289774143261
2025-04-05 23:16:00,29.8289774143261
2025-04-05 23:31:00,29.1225635369107
2025-04-05 23:46:00,28.4273772278569
2025-04-06 00:01:00,29.1225635369107
2025-04-06 00:16:00,28.4273772278569
2025-04-06 00:31:00,28.4273772278569
2025-04-06 00:46:00,27.7433288937401
2025-04-06 01:01:00,27.7433288937401
2025-04-06 01:16:00,27.0703289355018
2025-04-06 01:31:00,26.408287748404
2025-04-06 01:46:00,26.408287748404
2025-04-06 02:01:00,26.408287748404
2025-04-06 02:16:00,25.7571157219807
2025-04-06 02:31:00,24.4870206803698
2025-04-06 02:46:00,23.2577572502848
2025-04-06 03:01:00,22.0701993274789
2025-04-06 03:16:00,20.9237470810538
2025-04-06 03:31:00,19.3167840089228
2025-04-06 03:46:00,17.7870781718558
2025-04-06 04:01:00,16.3371542520685
2025-04-06 04:16:00,14.5299007816028
2025-04-06 04:31:00,13.6671073283974
2025-04-06 04:46:00,13.2433119023584
2025-04-06 05:01:00,12.8285124498065
2025-04-06 05:16:00,12.8285124498065
2025-04-06 05:31:00,12.8285124498065
2025-04-06 05:46:00,12.8285124498065
2025-04-06 06:01:00,12.8285124498065
2025-04-06 06:16:00,12.8285124498065
2025-04-06 06:31:00,13.2433119023584
2025-04-06 06:46:00,13.6671073283974
2025-04-06 07:01:00,13.6671073283974
2025-04-06 07:16:00,14.1
2025-04-06 07:31:00,14.9684790868626
2025-04-06 07:46:00,15.4158224186594
2025-04-06 08:01:00,15.8720182956401
2025-04-06 08:16:00,16.3371542520685
2025-04-06 08:31:00,17.2945966175267
2025-04-06 08:46:00,17.7870781718558
2025-04-06 09:01:00,19.3167840089228
2025-04-06 09:16:00,19.8429470621211
2025-04-06 09:31:00,20.3785733551873
2025-04-06 09:46:00,19.3167840089228
2025-04-06 10:01:00,18.8
2025-04-06 10:16:00,19.3167840089228
2025-04-06 10:31:00,19.8429470621211
2025-04-06 10:46:00,20.3785733551873
2025-04-06 11:01:00,20.3785733551873
2025-04-06 11:16:00,20.9237470810538
2025-04-06 11:31:00,21.4918801656279
2025-04-06 11:46:00,22.0701993274789
2025-04-06 12:01:00,24.4870206803698
2025-04-06 12:16:00,27.0703289355018
2025-04-06 12:31:00,28.4273772278569
2025-04-06 12:46:00,30.5467084479397
2025-04-06 13:01:00,34.3082561476957
2025-04-06 13:16:00,35.8952302819916
2025-04-06 13:31:00,35.8952302819916
2025-04-06 13:46:00,33.53259570802
2025-04-06 14:01:00,32.0164803074358
2025-04-06 14:16:00,29.8289774143261
2025-04-06 14:31:00,28.4273772278569
2025-04-06 14:46:00,26.408287748404
2025-04-06 15:01:00,25.116723239991
2025-04-06 15:16:00,24.4870206803698
2025-04-06 15:31:00,23.2577572502848
2025-04-06 15:46:00,22.6587949091301
2025-04-06 16:01:00,22.6587949091301
2025-04-06 16:16:00,22.0701993274789
2025-04-06 16:31:00,22.6587949091301
2025-04-06 16:46:00,25.116723239991
2025-04-06 17:01:00,28.4273772278569
2025-04-06 17:16:00,29.8289774143261
2025-04-06 17:31:00,31.2758462200448
2025-04-06 17:46:00,32.0164803074358
2025-04-06 18:01:00,31.2758462200448
2025-04-06 18:16:00,32.0164803074358
2025-04-06 18:31:00,31.2758462200448
2025-04-06 18:46:00,31.2758462200448
2025-04-06 19:01:00,31.2758462200448
2025-04-06 19:16:00,30.5467084479397
2025-04-06 19:31:00,29.8289774143261
2025-04-06 19:46:00,29.8289774143261
2025-04-06 20:01:00,29.1225635369107
2025-04-06 20:16:00,29.1225635369107
2025-04-06 20:31:00,29.1225635369107
2025-04-06 20:46:00,29.8289774143261
2025-04-06 21:01:00,31.2758462200448
2025-04-06 21:16:00,32.768700281452
2025-04-06 21:31:00,33.53259570802
2025-04-06 21:46:00,34.3082561476957
2025-04-06 22:01:00,34.3082561476957
2025-04-06 22:16:00,34.3082561476957
2025-04-06 22:31:00,34.3082561476957
2025-04-06 22:46:00,34.3082561476957
2025-04-06 23:01:00,33.53259570802
2025-04-06 23:16:00,33.53259570802
2025-04-06 23:31:00,32.768700281452
2025-04-06 23:46:00,32.768700281452
2025-04-07 00:01:00,32.768700281452
2025-04-07 00:16:00,32.0164803074358
2025-04-07 00:31:00,32.0164803074358
2025-04-07 00:46:00,31.2758462200448
2025-04-07 01:01:00,31.2758462200448
2025-04-07 01:16:00,31.2758462200448
2025-04-07 01:31:00,31.2758462200448
2025-04-07 01:46:00,30.5467084479397
2025-04-07 02:01:00,30.5467084479397
2025-04-07 02:16:00,30.5467084479397
2025-04-07 02:31:00,30.5467084479397
2025-04-07 02:46:00,29.8289774143261
2025-04-07 03:01:00,29.8289774143261
2025-04-07 03:16:00,29.1225635369107
2025-04-07 03:31:00,29.1225635369107
2025-04-07 03:46:00,28.4273772278569
2025-04-07 04:01:00,29.1225635369107
2025-04-07 04:16:00,28.4273772278569
2025-04-07 04:31:00,28.4273772278569
2025-04-07 04:46:00,27.7433288937401
2025-04-07 05:01:00,27.7433288937401
2025-04-07 05:16:00,27.7433288937401
2025-04-07 05:31:00,27.7433288937401
2025-04-07 05:46:00,27.0703289355018
2025-04-07 06:01:00,26.408287748404
2025-04-07 06:16:00,25.116723239991
2025-04-07 06:31:00,23.2577572502848
2025-04-07 06:46:00,22.0701993274789
2025-04-07 07:01:00,20.9237470810538
2025-04-07 07:16:00,18.8
2025-04-07 07:31:00,18.2888500959497
2025-04-07 07:46:00,17.2945966175267
2025-04-07 08:01:00,17.2945966175267
2025-04-07 08:16:00,17.2945966175267
2025-04-07 08:31:00,17.2945966175267
2025-04-07 08:46:00,18.2888500959497
2025-04-07 09:01:00,18.2888500959497
2025-04-07 09:16:00,17.7870781718558
2025-04-07 09:31:00,17.7870781718558
2025-04-07 09:46:00,17.7870781718558
2025-04-07 10:01:00,18.2888500959497
2025-04-07 10:16:00,18.8
2025-04-07 10:31:00,19.8429470621211
2025-04-07 10:46:00,19.8429470621211
2025-04-07 11:01:00,20.9237470810538
2025-04-07 11:16:00,22.0701993274789
2025-04-07 11:31:00,25.116723239991
2025-04-07 11:46:00,28.4273772278569
2025-04-07 12:01:00,30.5467084479397
2025-04-07 12:16:00,31.2758462200448
